Precision,Recall,F1,Precisionx,Recallx,F1x,IFA,Pofb,PMI
0.2,1.0,0.33333333333333337,0.43137254901960786,0.4583333333333333,0.4444444444444445,0,0.4583333333333333,0.13896457765667575
