Precision,Recall,F1,Precisionx,Recallx,F1x,IFA,Pofb,PMI
0.18840579710144928,1.0,0.3170731707317073,0.38,0.3958333333333333,0.3877551020408163,0,0.3958333333333333,0.1362397820163488
