Precision,Recall,F1,Precisionx,Recallx,F1x,IFA,Pofb,PMI
0.125,1.0,0.2222222222222222,0.288135593220339,0.3541666666666667,0.31775700934579443,6,0.3541666666666667,0.16076294277929154
