Precision,Recall,F1,Precisionx,Recallx,F1x,IFA,Pofb,PMI
0.18571428571428572,1.0,0.3132530120481928,0.36538461538461536,0.3958333333333333,0.38,6,0.3958333333333333,0.14168937329700274
