Precision,Recall,F1,Precisionx,Recallx,F1x,IFA,Pofb,PMI
0.14942528735632185,1.0,0.26000000000000006,0.234375,0.3125,0.26785714285714285,6,0.3125,0.17438692098092642
