Precision,Recall,F1,Precisionx,Recallx,F1x,IFA,Pofb,PMI
0.15555555555555556,1.0,0.2692307692307693,0.75,0.34177215189873417,0.4695652173913043,1,0.34177215189873417,0.11538461538461539
