Precision,Recall,F1,Precisionx,Recallx,F1x,IFA,Pofb,PMI
0.23809523809523808,1.0,0.3846153846153846,0.5370370370370371,0.3670886075949367,0.4360902255639098,3,0.3670886075949367,0.17307692307692307
