Precision,Recall,F1,Precisionx,Recallx,F1x,IFA,Pofb,PMI
0.2692307692307692,1.0,0.42424242424242425,0.6956521739130435,0.17391304347826086,0.2782608695652174,0,0.17391304347826086,0.06552706552706553
