Precision,Recall,F1,Precisionx,Recallx,F1x,IFA,Pofb,PMI
0.2857142857142857,1.0,0.4444444444444445,0.8421052631578947,0.17391304347826086,0.28828828828828834,0,0.17391304347826086,0.05413105413105413
