Precision,Recall,F1,Precisionx,Recallx,F1x,IFA,Pofb,PMI
0.19230769230769232,1.0,0.32258064516129037,0.625,0.16304347826086957,0.25862068965517243,3,0.16304347826086957,0.06837606837606838
