Precision,Recall,F1,Precisionx,Recallx,F1x,IFA,Pofb,PMI
0.3048780487804878,1.0,0.4672897196261682,0.46938775510204084,0.25,0.326241134751773,6,0.25,0.1396011396011396
