,ManualUp,CBS+,RF,GB,EALR,SERS
0,0.15625,0.6875,0.4375,0.6875,0.84375,0.4375
