Precision,Recall,F1,Precisionx,Recallx,F1x,IFA,Pofb,PMI
0.7777777777777778,1.0,0.8750000000000001,0.875,0.028225806451612902,0.0546875,0,0.028225806451612902,0.02077922077922078
