,ManualUp,CBS+,RF,GB,EALR,SERS
0,0.03125,0.6875,1.0,0.4375,0.21875,0.5625
