Precision,Recall,F1,Precisionx,Recallx,F1x,IFA,Pofb,PMI
0.14285714285714285,1.0,0.25,0.10185185185185185,0.34375,0.1571428571428571,12,0.34375,0.36860068259385664
