Precision,Recall,F1,Precisionx,Recallx,F1x,IFA,Pofb,PMI
0.08571428571428572,1.0,0.15789473684210528,0.2727272727272727,0.28125,0.2769230769230769,17,0.28125,0.11262798634812286
