Precision,Recall,F1,Precisionx,Recallx,F1x,IFA,Pofb,PMI
0.16279069767441862,1.0,0.28,0.17073170731707318,0.21875,0.19178082191780824,26,0.21875,0.13993174061433447
