Precision,Recall,F1,Precisionx,Recallx,F1x,IFA,Pofb,PMI
0.125,1.0,0.2222222222222222,0.08695652173913043,0.3125,0.13605442176870747,21,0.3125,0.3924914675767918
