Precision,Recall,F1,Precisionx,Recallx,F1x,IFA,Pofb,PMI
0.102880658436214,1.0,0.18656716417910446,0.05813953488372093,0.3125,0.09803921568627452,37,0.3125,0.5870307167235495
