,ManualUp,CBS+,RF,GB,EALR,SERS
0,0.03125,0.892738400944348,0.6802795473344503,0.4375,0.892738400944348,0.4375
